{
  "formatVersion": 1,
  "database": {
    "version": 1,
    "identityHash": "d23a08a5dc269be3aaabd582f8186906",
    "entities": [
      {
        "tableName": "word_table",
        "createSql": "CREATE TABLE IF NOT EXISTS `${TABLE_NAME}` (`word` TEXT NOT NULL, PRIMARY KEY(`word`))",
        "fields": [
          {
            "fieldPath": "word",
            "columnName": "word",
            "affinity": "TEXT",
            "notNull": true
          }
        ],
        "primaryKey": {
          "columnNames": [
            "word"
          ],
          "autoGenerate": false
        },
        "indices": [],
        "foreignKeys": []
      }
    ],
    "views": [],
    "setupQueries": [
      "CREATE TABLE IF NOT EXISTS room_master_table (id INTEGER PRIMARY KEY,identity_hash TEXT)",
      "INSERT OR REPLACE INTO room_master_table (id,identity_hash) VALUES(42, 'd23a08a5dc269be3aaabd582f8186906')"
    ]
  }
}