{
  "project_info": {
    "project_number": "795490373631",
    "project_id": "timely3-1c8a3",
    "storage_bucket": "timely3-1c8a3.appspot.com"
  },
  "client": [
    {
      "client_info": {
        "mobilesdk_app_id": "1:795490373631:android:4c59b3a1f8fe661655a1ca",
        "android_client_info": {
          "package_name": "com.example.android.timely"
        }
      },
      "oauth_client": [],
      "api_key": [
        {
          "current_key": "AIzaSyBz61PM1O-EAXqy6-bI99nuN9VbZUn74mU"
        }
      ],
      "services": {
        "appinvite_service": {
          "other_platform_oauth_client": []
        }
      }
    }
  ],
  "configuration_version": "1"
}